[
  {
    "value": "[fF][lL]",
    "synonyms": [
      "[fF][lL]"
    ]
  },
  {
    "value": "[iI][fF]",
    "synonyms": [
      "[iI][fF]"
    ]
  },
  {
    "value": "[vV][vV][sS][12]?[+-]?",
    "synonyms": [
      "[vV][vV][sS][12]?[+-]?"
    ]
  },
  {
    "value": "[vV][sS][12]?[+-]?",
    "synonyms": [
      "[vV][sS][12]?[+-]?"
    ]
  },
  {
    "value": "[sS][iI][12]?[+-]?",
    "synonyms": [
      "[sS][iI][12]?[+-]?"
    ]
  },
  {
    "value": "[iI][123]?[+-]?",
    "synonyms": [
      "[iI][123]?[+-]?"
    ]
  },
  {
    "value": "[pP][kK]",
    "synonyms": [
      "[pP][kK]"
    ]
  }
]