[
  {
    "value": "between\\s*[d-zD-Z][+-]?\\s*and\\s*[d-zD-Z][+-]?",
    "synonyms": [
      "between\\s*[d-zD-Z][+-]?\\s*and\\s*[d-zD-Z][+-]?"
    ]
  },
  {
    "value": "[d-zD-Z][+-]?\\s*to\\s*[d-zD-Z][+-]?",
    "synonyms": [
      "[d-zD-Z][+-]?\\s*to\\s*[d-zD-Z][+-]?"
    ]
  },
  {
    "value": "[d-zD-Z][+-]?\\s*-\\s*[d-zD-Z][+-]?",
    "synonyms": [
      "[d-zD-Z][+-]?\\s*-\\s*[d-zD-Z][+-]?"
    ]
  },
  {
    "value": "[d-zD-Z][+-]?\\s*-",
    "synonyms": [
      "[d-zD-Z][+-]?\\s*-"
    ]
  },
  {
    "value": "-\\s*[d-zD-Z][+-]?",
    "synonyms": [
      "-\\s*[d-zD-Z][+-]?"
    ]
  },
  {
    "value": "[d-zD-Z][+-]?",
    "synonyms": [
      "[d-zD-Z][+-]?"
    ]
  }
]