[
  {
    "value": "X",
    "synonyms": [
      "X",
      "EX",
      "EX-",
      "EX+",
      "EXCELLENT",
      "x",
      "ex",
      "ex-",
      "ex+",
      "excellent"
    ]
  },
  {
    "value": "VG",
    "synonyms": [
      "VG",
      "VG-",
      "VG+",
      "VERY GOOD",
      "VERYGOOD",
      "vg",
      "vg-",
      "vg+",
      "verygood",
      "very good"
    ]
  },
  {
    "value": "G",
    "synonyms": [
      "G",
      "G-",
      "G+",
      "GOOD",
      "g",
      "g-",
      "good",
      "g+"
    ]
  },
  {
    "value": "F",
    "synonyms": [
      "F",
      "FAIR",
      "f",
      "fair"
    ]
  },
  {
    "value": "P",
    "synonyms": [
      "P",
      "POOR",
      "p",
      "poor"
    ]
  }
]