[
  {
    "value": "N",
    "synonyms": [
      "N",
      "NONE",
      "NAN",
      "NON",
      "NO",
      "n",
      "none",
      "nan",
      "non",
      "no"
    ]
  },
  {
    "value": "F",
    "synonyms": [
      "F",
      "FAINT",
      "FNT",
      "f",
      "faint",
      "fnt"
    ]
  },
  {
    "value": "S",
    "synonyms": [
      "S",
      "STG",
      "STRONG",
      "ST",
      "STRONGYELLOW",
      "s",
      "stg",
      "strong",
      "st",
      "strongyellow"
    ]
  },
  {
    "value": "M",
    "synonyms": [
      "M",
      "MEDIUM",
      "MED",
      "MEDIUMYELLOW",
      "m",
      "medium",
      "med",
      "mediumyellow"
    ]
  },
  {
    "value": "VS",
    "synonyms": [
      "VS",
      "VERY STRONG",
      "VST",
      "VSTG",
      "VERYSTRONG",
      "VERYSTRONGBL",
      "vs",
      "verystrong",
      "very strong",
      "verystrongbl",
      "vstg",
      "vst"
    ]
  }
]