[
  {
    "value": "greater\\s*than\\s*or\\s*equal\\s*(\\d+(\\.\\d+)?)\\s*(\\$|₹|rupees|dollar|rupee)",
    "synonyms": [
      "greater\\s*than\\s*or\\s*equal\\s*(\\d+(\\.\\d+)?)\\s*(\\$|₹|rupees|dollar|rupee)"
    ]
  },
  {
    "value": "between\\s*-?\\d+(\\.\\d+)?\\s*and\\s*-?\\d+(\\.\\d+)?\\s*(\\$|₹|rupees|dollar|rupee)",
    "synonyms": [
      "between\\s*-?\\d+(\\.\\d+)?\\s*and\\s*-?\\d+(\\.\\d+)?\\s*(\\$|₹|rupees|dollar|rupee)"
    ]
  },
  {
    "value": "less\\s*than\\s*(\\d+(\\.\\d+)?)\\s*(\\$|₹|rupees|dollar|rupee)",
    "synonyms": [
      "less\\s*than\\s*(\\d+(\\.\\d+)?)\\s*(\\$|₹|rupees|dollar|rupee)"
    ]
  },
  {
    "value": "less\\s*than\\s*or\\s*equal\\s*(\\d+(\\.\\d+)?)\\s*(\\$|₹|rupees|dollar|rupee)",
    "synonyms": [
      "less\\s*than\\s*or\\s*equal\\s*(\\d+(\\.\\d+)?)\\s*(\\$|₹|rupees|dollar|rupee)"
    ]
  },
  {
    "value": "greater\\s*than\\s*(\\d+(\\.\\d+)?)\\s*(\\$|₹|rupees|dollar|rupee)",
    "synonyms": [
      "greater\\s*than\\s*(\\d+(\\.\\d+)?)\\s*(\\$|₹|rupees|dollar|rupee)"
    ]
  },
  {
    "value": "(above|under|around|nearly)\\s+(\\d+(\\.\\d+)?)\\s*(\\$|₹|rupees|dollar|rupee)",
    "synonyms": [
      "(above|under|around|nearly)\\s+(\\d+(\\.\\d+)?)\\s*(\\$|₹|rupees|dollar|rupee)"
    ]
  },
  {
    "value": "[\u003e\u003c]?[\u003d]?\\s*(\\d+(\\.\\d+)?)\\s*(\\$|₹|rupees|dollar|rupee)",
    "synonyms": [
      "[\u003e\u003c]?[\u003d]?\\s*(\\d+(\\.\\d+)?)\\s*(\\$|₹|rupees|dollar|rupee)"
    ]
  },
  {
    "value": "-?\\d+(\\.\\d+)?\\s*-\\s*-?\\d+(\\.\\d+)?\\s*(\\$|₹|rupees|dollar|rupee)",
    "synonyms": [
      "-?\\d+(\\.\\d+)?\\s*-\\s*-?\\d+(\\.\\d+)?\\s*(\\$|₹|rupees|dollar|rupee)"
    ]
  },
  {
    "value": "-?\\d+(\\.\\d+)?\\s*to\\s*-?\\d+(\\.\\d+)?\\s*(\\$|₹|rupees|dollar|rupee)",
    "synonyms": [
      "-?\\d+(\\.\\d+)?\\s*to\\s*-?\\d+(\\.\\d+)?\\s*(\\$|₹|rupees|dollar|rupee)"
    ]
  },
  {
    "value": "-?\\d+(\\.\\d+)?\\s*\\$(\\$|₹|rupees|dollarrupee)",
    "synonyms": [
      "-?\\d+(\\.\\d+)?\\s*\\$(\\$|₹|rupees|dollarrupee)"
    ]
  }
]