[
  {
    "value": "RD",
    "synonyms": [
      "RD",
      "ROUND",
      "round",
      "BR",
      "RB",
      "R",
      "ROUND BRILLIANT",
      "ROUNDBRILLIANT",
      "BRILLIANT CUT",
      "rd",
      "br",
      "rb",
      "r",
      "round brillinat",
      "roundbrilliant",
      "brilliant"
    ]
  },
  {
    "value": "OV",
    "synonyms": [
      "OVAL",
      "OV",
      "OVEL",
      "OL",
      "OC",
      "oval",
      "ov",
      "ovel",
      "ol",
      "oc"
    ]
  },
  {
    "value": "EM",
    "synonyms": [
      "EM",
      "EMERALD",
      "EMRD",
      "EC",
      "em",
      "emerald",
      "emrd",
      "ec"
    ]
  },
  {
    "value": "CU",
    "synonyms": [
      "CU",
      "CUSHION MODIFIED",
      "CMB",
      "CM",
      "CS",
      "CUSHIONMODIFIED",
      "CUSHION",
      "CUS",
      "cu",
      "cs",
      "cushion modified",
      "cmb",
      "cm",
      "cushionmodified",
      "cushion",
      "cus"
    ]
  },
  {
    "value": "PR",
    "synonyms": [
      "PR",
      "PRINCESS",
      "PC",
      "pr",
      "princess pc"
    ]
  },
  {
    "value": "PS",
    "synonyms": [
      "PS",
      "PER",
      "ps",
      "p",
      "pear",
      "PEAR",
      "per"
    ]
  },
  {
    "value": "RA",
    "synonyms": [
      "RA",
      "RADIANT",
      "RAD",
      "ra",
      "radiant",
      "rad"
    ]
  },
  {
    "value": "MQ",
    "synonyms": [
      "MQ",
      "MARQUISE",
      "MR",
      "MAR",
      "mq",
      "marquise",
      "mr",
      "mar"
    ]
  },
  {
    "value": "AS",
    "synonyms": [
      "AS",
      "ASHCHER",
      "ASSCHER",
      "as",
      "ashcher",
      "asscher"
    ]
  },
  {
    "value": "HS",
    "synonyms": [
      "HS",
      "HEART",
      "HRT",
      "LOVE",
      "HR",
      "HC",
      "hs",
      "heart",
      "hrt",
      "love",
      "hr",
      "hc"
    ]
  },
  {
    "value": "TR",
    "synonyms": [
      "TR",
      "TRIANGLE",
      "TRI",
      "tr",
      "triangle",
      "tri"
    ]
  }
]