[
  {
    "value": "(around|above|under|nearly)\\s*(\\d+(\\.\\d+)?)\\s*(carat|ct)",
    "synonyms": [
      "(around|above|under|nearly)\\s*(\\d+(\\.\\d+)?)\\s*(carat|ct)"
    ]
  },
  {
    "value": "less\\s*than\\s*(\\d+(\\.\\d+)?)\\s*(carat|ct)",
    "synonyms": [
      "less\\s*than\\s*(\\d+(\\.\\d+)?)\\s*(carat|ct)"
    ]
  },
  {
    "value": "less\\s*than\\s*or\\s*equal\\s*(\\d+(\\.\\d+)?)\\s*(carat|ct)",
    "synonyms": [
      "less\\s*than\\s*or\\s*equal\\s*(\\d+(\\.\\d+)?)\\s*(carat|ct)"
    ]
  },
  {
    "value": "greater\\s*than\\s*(\\d+(\\.\\d+)?)\\s*(carat|ct)",
    "synonyms": [
      "greater\\s*than\\s*(\\d+(\\.\\d+)?)\\s*(carat|ct)"
    ]
  },
  {
    "value": "greater\\s*than\\s*or\\s*equal\\s*(\\d+(\\.\\d+)?)\\s*(carat|ct)",
    "synonyms": [
      "greater\\s*than\\s*or\\s*equal\\s*(\\d+(\\.\\d+)?)\\s*(carat|ct)"
    ]
  },
  {
    "value": "between\\s*-?\\d+(\\.\\d+)?\\s*and\\s*-?\\d+(\\.\\d+)?\\s*(ct|carat)",
    "synonyms": [
      "between\\s*-?\\d+(\\.\\d+)?\\s*and\\s*-?\\d+(\\.\\d+)?\\s*(ct|carat)"
    ]
  },
  {
    "value": "[\u003e\u003c]?[\u003d]?\\s*(\\d+(\\.\\d+)?)\\s*(carat|ct)",
    "synonyms": [
      "[\u003e\u003c]?[\u003d]?\\s*(\\d+(\\.\\d+)?)\\s*(carat|ct)"
    ]
  },
  {
    "value": "-?\\d+(\\.\\d+)?\\s*-\\s*-?\\d+(\\.\\d+)?\\s*ct",
    "synonyms": [
      "-?\\d+(\\.\\d+)?\\s*-\\s*-?\\d+(\\.\\d+)?\\s*ct"
    ]
  },
  {
    "value": "-?\\d+(\\.\\d+)?\\s*to\\s*-?\\d+(\\.\\d+)?\\s*ct",
    "synonyms": [
      "-?\\d+(\\.\\d+)?\\s*to\\s*-?\\d+(\\.\\d+)?\\s*ct"
    ]
  },
  {
    "value": "-?\\d+(\\.\\d+)?\\s*-\\s*-?\\d+(\\.\\d+)?\\s*carat",
    "synonyms": [
      "-?\\d+(\\.\\d+)?\\s*-\\s*-?\\d+(\\.\\d+)?\\s*carat"
    ]
  },
  {
    "value": "-?\\d+(\\.\\d+)?\\s*to\\s*-?\\d+(\\.\\d+)?\\s*carat",
    "synonyms": [
      "-?\\d+(\\.\\d+)?\\s*to\\s*-?\\d+(\\.\\d+)?\\s*carat"
    ]
  },
  {
    "value": "-?\\d+(\\.\\d+)?\\s*ct",
    "synonyms": [
      "-?\\d+(\\.\\d+)?\\s*ct"
    ]
  },
  {
    "value": "-?\\d+(\\.\\d+)?\\s*carat",
    "synonyms": [
      "-?\\d+(\\.\\d+)?\\s*carat"
    ]
  }
]